{
  "project_info": {
    "project_number": "31957889943",
    "project_id": "segurista-403f0",
    "storage_bucket": "segurista-403f0.firebasestorage.app"
  },
  "client": [
    {
      "client_info": {
        "mobilesdk_app_id": "1:31957889943:android:006a3108305fbf0133cad2",
        "android_client_info": {
          "package_name": "com.segurista.frames"
        }
      },
      "oauth_client": [],
      "api_key": [
        {
          "current_key": "AIzaSyB_GkNCOpoaQCtPkr208gRosFdvvXwkAoY"
        }
      ],
      "services": {
        "appinvite_service": {
          "other_platform_oauth_client": []
        }
      }
    }
  ],
  "configuration_version": "1"
}