{
  "project_info": {
    "project_number": "838098519510",
    "project_id": "netspoof-4b824",
    "storage_bucket": "netspoof-4b824.firebasestorage.app"
  },
  "client": [
    {
      "client_info": {
        "mobilesdk_app_id": "1:838098519510:android:d591a59ef1d16c13981077",
        "android_client_info": {
          "package_name": "com.cybersec.netspoof"
        }
      },
      "oauth_client": [
        {
          "client_id": "838098519510-ep350nr5bpqpfrl2g6jg0uvucm3a265g.apps.googleusercontent.com",
          "client_type": 1,
          "android_info": {
            "package_name": "com.cybersec.netspoof",
            "certificate_hash": "267cdd3a0848002b6a67609425cf480dfecbc973"
          }
        },
        {
          "client_id": "838098519510-4gmb2p0vj3nutj9cj34il229fe5472h9.apps.googleusercontent.com",
          "client_type": 3
        }
      ],
      "api_key": [
        {
          "current_key": "AIzaSyCDS8Iin90x95aNN3kyPuheu7EJ5JpvPXM"
        }
      ],
      "services": {
        "appinvite_service": {
          "other_platform_oauth_client": [
            {
              "client_id": "838098519510-4gmb2p0vj3nutj9cj34il229fe5472h9.apps.googleusercontent.com",
              "client_type": 3
            }
          ]
        }
      }
    }
  ],
  "configuration_version": "1"
}